"","date","hits","keyword","geo","time","gprop","category"
"1",2010-01-01,16,"""backyard chickens""","US-DC-511","2010-01-01 2019-12-31","web",0
"2",2010-02-01,17,"""backyard chickens""","US-DC-511","2010-01-01 2019-12-31","web",0
"3",2010-03-01,15,"""backyard chickens""","US-DC-511","2010-01-01 2019-12-31","web",0
"4",2010-04-01,45,"""backyard chickens""","US-DC-511","2010-01-01 2019-12-31","web",0
"5",2010-05-01,29,"""backyard chickens""","US-DC-511","2010-01-01 2019-12-31","web",0
"6",2010-06-01,57,"""backyard chickens""","US-DC-511","2010-01-01 2019-12-31","web",0
"7",2010-07-01,32,"""backyard chickens""","US-DC-511","2010-01-01 2019-12-31","web",0
"8",2010-08-01,12,"""backyard chickens""","US-DC-511","2010-01-01 2019-12-31","web",0
"9",2010-09-01,24,"""backyard chickens""","US-DC-511","2010-01-01 2019-12-31","web",0
"10",2010-10-01,11,"""backyard chickens""","US-DC-511","2010-01-01 2019-12-31","web",0
"11",2010-11-01,16,"""backyard chickens""","US-DC-511","2010-01-01 2019-12-31","web",0
"12",2010-12-01,16,"""backyard chickens""","US-DC-511","2010-01-01 2019-12-31","web",0
"13",2011-01-01,0,"""backyard chickens""","US-DC-511","2010-01-01 2019-12-31","web",0
"14",2011-02-01,78,"""backyard chickens""","US-DC-511","2010-01-01 2019-12-31","web",0
"15",2011-03-01,0,"""backyard chickens""","US-DC-511","2010-01-01 2019-12-31","web",0
"16",2011-04-01,74,"""backyard chickens""","US-DC-511","2010-01-01 2019-12-31","web",0
"17",2011-05-01,54,"""backyard chickens""","US-DC-511","2010-01-01 2019-12-31","web",0
"18",2011-06-01,40,"""backyard chickens""","US-DC-511","2010-01-01 2019-12-31","web",0
"19",2011-07-01,26,"""backyard chickens""","US-DC-511","2010-01-01 2019-12-31","web",0
"20",2011-08-01,49,"""backyard chickens""","US-DC-511","2010-01-01 2019-12-31","web",0
"21",2011-09-01,25,"""backyard chickens""","US-DC-511","2010-01-01 2019-12-31","web",0
"22",2011-10-01,24,"""backyard chickens""","US-DC-511","2010-01-01 2019-12-31","web",0
"23",2011-11-01,36,"""backyard chickens""","US-DC-511","2010-01-01 2019-12-31","web",0
"24",2011-12-01,0,"""backyard chickens""","US-DC-511","2010-01-01 2019-12-31","web",0
"25",2012-01-01,21,"""backyard chickens""","US-DC-511","2010-01-01 2019-12-31","web",0
"26",2012-02-01,46,"""backyard chickens""","US-DC-511","2010-01-01 2019-12-31","web",0
"27",2012-03-01,83,"""backyard chickens""","US-DC-511","2010-01-01 2019-12-31","web",0
"28",2012-04-01,71,"""backyard chickens""","US-DC-511","2010-01-01 2019-12-31","web",0
"29",2012-05-01,39,"""backyard chickens""","US-DC-511","2010-01-01 2019-12-31","web",0
"30",2012-06-01,30,"""backyard chickens""","US-DC-511","2010-01-01 2019-12-31","web",0
"31",2012-07-01,92,"""backyard chickens""","US-DC-511","2010-01-01 2019-12-31","web",0
"32",2012-08-01,50,"""backyard chickens""","US-DC-511","2010-01-01 2019-12-31","web",0
"33",2012-09-01,63,"""backyard chickens""","US-DC-511","2010-01-01 2019-12-31","web",0
"34",2012-10-01,61,"""backyard chickens""","US-DC-511","2010-01-01 2019-12-31","web",0
"35",2012-11-01,20,"""backyard chickens""","US-DC-511","2010-01-01 2019-12-31","web",0
"36",2012-12-01,74,"""backyard chickens""","US-DC-511","2010-01-01 2019-12-31","web",0
"37",2013-01-01,46,"""backyard chickens""","US-DC-511","2010-01-01 2019-12-31","web",0
"38",2013-02-01,56,"""backyard chickens""","US-DC-511","2010-01-01 2019-12-31","web",0
"39",2013-03-01,36,"""backyard chickens""","US-DC-511","2010-01-01 2019-12-31","web",0
"40",2013-04-01,100,"""backyard chickens""","US-DC-511","2010-01-01 2019-12-31","web",0
"41",2013-05-01,26,"""backyard chickens""","US-DC-511","2010-01-01 2019-12-31","web",0
"42",2013-06-01,44,"""backyard chickens""","US-DC-511","2010-01-01 2019-12-31","web",0
"43",2013-07-01,37,"""backyard chickens""","US-DC-511","2010-01-01 2019-12-31","web",0
"44",2013-08-01,56,"""backyard chickens""","US-DC-511","2010-01-01 2019-12-31","web",0
"45",2013-09-01,27,"""backyard chickens""","US-DC-511","2010-01-01 2019-12-31","web",0
"46",2013-10-01,17,"""backyard chickens""","US-DC-511","2010-01-01 2019-12-31","web",0
"47",2013-11-01,38,"""backyard chickens""","US-DC-511","2010-01-01 2019-12-31","web",0
"48",2013-12-01,0,"""backyard chickens""","US-DC-511","2010-01-01 2019-12-31","web",0
"49",2014-01-01,17,"""backyard chickens""","US-DC-511","2010-01-01 2019-12-31","web",0
"50",2014-02-01,19,"""backyard chickens""","US-DC-511","2010-01-01 2019-12-31","web",0
"51",2014-03-01,51,"""backyard chickens""","US-DC-511","2010-01-01 2019-12-31","web",0
"52",2014-04-01,68,"""backyard chickens""","US-DC-511","2010-01-01 2019-12-31","web",0
"53",2014-05-01,69,"""backyard chickens""","US-DC-511","2010-01-01 2019-12-31","web",0
"54",2014-06-01,26,"""backyard chickens""","US-DC-511","2010-01-01 2019-12-31","web",0
"55",2014-07-01,50,"""backyard chickens""","US-DC-511","2010-01-01 2019-12-31","web",0
"56",2014-08-01,48,"""backyard chickens""","US-DC-511","2010-01-01 2019-12-31","web",0
"57",2014-09-01,37,"""backyard chickens""","US-DC-511","2010-01-01 2019-12-31","web",0
"58",2014-10-01,24,"""backyard chickens""","US-DC-511","2010-01-01 2019-12-31","web",0
"59",2014-11-01,37,"""backyard chickens""","US-DC-511","2010-01-01 2019-12-31","web",0
"60",2014-12-01,19,"""backyard chickens""","US-DC-511","2010-01-01 2019-12-31","web",0
"61",2015-01-01,24,"""backyard chickens""","US-DC-511","2010-01-01 2019-12-31","web",0
"62",2015-02-01,27,"""backyard chickens""","US-DC-511","2010-01-01 2019-12-31","web",0
"63",2015-03-01,19,"""backyard chickens""","US-DC-511","2010-01-01 2019-12-31","web",0
"64",2015-04-01,20,"""backyard chickens""","US-DC-511","2010-01-01 2019-12-31","web",0
"65",2015-05-01,30,"""backyard chickens""","US-DC-511","2010-01-01 2019-12-31","web",0
"66",2015-06-01,24,"""backyard chickens""","US-DC-511","2010-01-01 2019-12-31","web",0
"67",2015-07-01,18,"""backyard chickens""","US-DC-511","2010-01-01 2019-12-31","web",0
"68",2015-08-01,74,"""backyard chickens""","US-DC-511","2010-01-01 2019-12-31","web",0
"69",2015-09-01,18,"""backyard chickens""","US-DC-511","2010-01-01 2019-12-31","web",0
"70",2015-10-01,25,"""backyard chickens""","US-DC-511","2010-01-01 2019-12-31","web",0
"71",2015-11-01,53,"""backyard chickens""","US-DC-511","2010-01-01 2019-12-31","web",0
"72",2015-12-01,0,"""backyard chickens""","US-DC-511","2010-01-01 2019-12-31","web",0
"73",2016-01-01,17,"""backyard chickens""","US-DC-511","2010-01-01 2019-12-31","web",0
"74",2016-02-01,17,"""backyard chickens""","US-DC-511","2010-01-01 2019-12-31","web",0
"75",2016-03-01,24,"""backyard chickens""","US-DC-511","2010-01-01 2019-12-31","web",0
"76",2016-04-01,40,"""backyard chickens""","US-DC-511","2010-01-01 2019-12-31","web",0
"77",2016-05-01,47,"""backyard chickens""","US-DC-511","2010-01-01 2019-12-31","web",0
"78",2016-06-01,34,"""backyard chickens""","US-DC-511","2010-01-01 2019-12-31","web",0
"79",2016-07-01,18,"""backyard chickens""","US-DC-511","2010-01-01 2019-12-31","web",0
"80",2016-08-01,26,"""backyard chickens""","US-DC-511","2010-01-01 2019-12-31","web",0
"81",2016-09-01,0,"""backyard chickens""","US-DC-511","2010-01-01 2019-12-31","web",0
"82",2016-10-01,23,"""backyard chickens""","US-DC-511","2010-01-01 2019-12-31","web",0
"83",2016-11-01,0,"""backyard chickens""","US-DC-511","2010-01-01 2019-12-31","web",0
"84",2016-12-01,15,"""backyard chickens""","US-DC-511","2010-01-01 2019-12-31","web",0
"85",2017-01-01,36,"""backyard chickens""","US-DC-511","2010-01-01 2019-12-31","web",0
"86",2017-02-01,69,"""backyard chickens""","US-DC-511","2010-01-01 2019-12-31","web",0
"87",2017-03-01,14,"""backyard chickens""","US-DC-511","2010-01-01 2019-12-31","web",0
"88",2017-04-01,36,"""backyard chickens""","US-DC-511","2010-01-01 2019-12-31","web",0
"89",2017-05-01,22,"""backyard chickens""","US-DC-511","2010-01-01 2019-12-31","web",0
"90",2017-06-01,31,"""backyard chickens""","US-DC-511","2010-01-01 2019-12-31","web",0
"91",2017-07-01,16,"""backyard chickens""","US-DC-511","2010-01-01 2019-12-31","web",0
"92",2017-08-01,23,"""backyard chickens""","US-DC-511","2010-01-01 2019-12-31","web",0
"93",2017-09-01,15,"""backyard chickens""","US-DC-511","2010-01-01 2019-12-31","web",0
"94",2017-10-01,14,"""backyard chickens""","US-DC-511","2010-01-01 2019-12-31","web",0
"95",2017-11-01,15,"""backyard chickens""","US-DC-511","2010-01-01 2019-12-31","web",0
"96",2017-12-01,0,"""backyard chickens""","US-DC-511","2010-01-01 2019-12-31","web",0
"97",2018-01-01,15,"""backyard chickens""","US-DC-511","2010-01-01 2019-12-31","web",0
"98",2018-02-01,25,"""backyard chickens""","US-DC-511","2010-01-01 2019-12-31","web",0
"99",2018-03-01,30,"""backyard chickens""","US-DC-511","2010-01-01 2019-12-31","web",0
"100",2018-04-01,31,"""backyard chickens""","US-DC-511","2010-01-01 2019-12-31","web",0
"101",2018-05-01,30,"""backyard chickens""","US-DC-511","2010-01-01 2019-12-31","web",0
"102",2018-06-01,16,"""backyard chickens""","US-DC-511","2010-01-01 2019-12-31","web",0
"103",2018-07-01,17,"""backyard chickens""","US-DC-511","2010-01-01 2019-12-31","web",0
"104",2018-08-01,33,"""backyard chickens""","US-DC-511","2010-01-01 2019-12-31","web",0
"105",2018-09-01,32,"""backyard chickens""","US-DC-511","2010-01-01 2019-12-31","web",0
"106",2018-10-01,16,"""backyard chickens""","US-DC-511","2010-01-01 2019-12-31","web",0
"107",2018-11-01,16,"""backyard chickens""","US-DC-511","2010-01-01 2019-12-31","web",0
"108",2018-12-01,0,"""backyard chickens""","US-DC-511","2010-01-01 2019-12-31","web",0
"109",2019-01-01,15,"""backyard chickens""","US-DC-511","2010-01-01 2019-12-31","web",0
"110",2019-02-01,40,"""backyard chickens""","US-DC-511","2010-01-01 2019-12-31","web",0
"111",2019-03-01,0,"""backyard chickens""","US-DC-511","2010-01-01 2019-12-31","web",0
"112",2019-04-01,47,"""backyard chickens""","US-DC-511","2010-01-01 2019-12-31","web",0
"113",2019-05-01,53,"""backyard chickens""","US-DC-511","2010-01-01 2019-12-31","web",0
"114",2019-06-01,16,"""backyard chickens""","US-DC-511","2010-01-01 2019-12-31","web",0
"115",2019-07-01,24,"""backyard chickens""","US-DC-511","2010-01-01 2019-12-31","web",0
"116",2019-08-01,0,"""backyard chickens""","US-DC-511","2010-01-01 2019-12-31","web",0
"117",2019-09-01,0,"""backyard chickens""","US-DC-511","2010-01-01 2019-12-31","web",0
"118",2019-10-01,14,"""backyard chickens""","US-DC-511","2010-01-01 2019-12-31","web",0
"119",2019-11-01,15,"""backyard chickens""","US-DC-511","2010-01-01 2019-12-31","web",0
"120",2019-12-01,15,"""backyard chickens""","US-DC-511","2010-01-01 2019-12-31","web",0
"121",2010-01-01,0,"""backyard chickens""","US-PA-504","2010-01-01 2019-12-31","web",0
"122",2010-02-01,90,"""backyard chickens""","US-PA-504","2010-01-01 2019-12-31","web",0
"123",2010-03-01,42,"""backyard chickens""","US-PA-504","2010-01-01 2019-12-31","web",0
"124",2010-04-01,87,"""backyard chickens""","US-PA-504","2010-01-01 2019-12-31","web",0
"125",2010-05-01,46,"""backyard chickens""","US-PA-504","2010-01-01 2019-12-31","web",0
"126",2010-06-01,48,"""backyard chickens""","US-PA-504","2010-01-01 2019-12-31","web",0
"127",2010-07-01,92,"""backyard chickens""","US-PA-504","2010-01-01 2019-12-31","web",0
"128",2010-08-01,90,"""backyard chickens""","US-PA-504","2010-01-01 2019-12-31","web",0
"129",2010-09-01,44,"""backyard chickens""","US-PA-504","2010-01-01 2019-12-31","web",0
"130",2010-10-01,42,"""backyard chickens""","US-PA-504","2010-01-01 2019-12-31","web",0
"131",2010-11-01,42,"""backyard chickens""","US-PA-504","2010-01-01 2019-12-31","web",0
"132",2010-12-01,0,"""backyard chickens""","US-PA-504","2010-01-01 2019-12-31","web",0
"133",2011-01-01,70,"""backyard chickens""","US-PA-504","2010-01-01 2019-12-31","web",0
"134",2011-02-01,0,"""backyard chickens""","US-PA-504","2010-01-01 2019-12-31","web",0
"135",2011-03-01,55,"""backyard chickens""","US-PA-504","2010-01-01 2019-12-31","web",0
"136",2011-04-01,29,"""backyard chickens""","US-PA-504","2010-01-01 2019-12-31","web",0
"137",2011-05-01,28,"""backyard chickens""","US-PA-504","2010-01-01 2019-12-31","web",0
"138",2011-06-01,58,"""backyard chickens""","US-PA-504","2010-01-01 2019-12-31","web",0
"139",2011-07-01,0,"""backyard chickens""","US-PA-504","2010-01-01 2019-12-31","web",0
"140",2011-08-01,0,"""backyard chickens""","US-PA-504","2010-01-01 2019-12-31","web",0
"141",2011-09-01,26,"""backyard chickens""","US-PA-504","2010-01-01 2019-12-31","web",0
"142",2011-10-01,25,"""backyard chickens""","US-PA-504","2010-01-01 2019-12-31","web",0
"143",2011-11-01,24,"""backyard chickens""","US-PA-504","2010-01-01 2019-12-31","web",0
"144",2011-12-01,24,"""backyard chickens""","US-PA-504","2010-01-01 2019-12-31","web",0
"145",2012-01-01,44,"""backyard chickens""","US-PA-504","2010-01-01 2019-12-31","web",0
"146",2012-02-01,44,"""backyard chickens""","US-PA-504","2010-01-01 2019-12-31","web",0
"147",2012-03-01,42,"""backyard chickens""","US-PA-504","2010-01-01 2019-12-31","web",0
"148",2012-04-01,56,"""backyard chickens""","US-PA-504","2010-01-01 2019-12-31","web",0
"149",2012-05-01,85,"""backyard chickens""","US-PA-504","2010-01-01 2019-12-31","web",0
"150",2012-06-01,36,"""backyard chickens""","US-PA-504","2010-01-01 2019-12-31","web",0
"151",2012-07-01,23,"""backyard chickens""","US-PA-504","2010-01-01 2019-12-31","web",0
"152",2012-08-01,44,"""backyard chickens""","US-PA-504","2010-01-01 2019-12-31","web",0
"153",2012-09-01,21,"""backyard chickens""","US-PA-504","2010-01-01 2019-12-31","web",0
"154",2012-10-01,0,"""backyard chickens""","US-PA-504","2010-01-01 2019-12-31","web",0
"155",2012-11-01,21,"""backyard chickens""","US-PA-504","2010-01-01 2019-12-31","web",0
"156",2012-12-01,20,"""backyard chickens""","US-PA-504","2010-01-01 2019-12-31","web",0
"157",2013-01-01,38,"""backyard chickens""","US-PA-504","2010-01-01 2019-12-31","web",0
"158",2013-02-01,29,"""backyard chickens""","US-PA-504","2010-01-01 2019-12-31","web",0
"159",2013-03-01,44,"""backyard chickens""","US-PA-504","2010-01-01 2019-12-31","web",0
"160",2013-04-01,38,"""backyard chickens""","US-PA-504","2010-01-01 2019-12-31","web",0
"161",2013-05-01,77,"""backyard chickens""","US-PA-504","2010-01-01 2019-12-31","web",0
"162",2013-06-01,100,"""backyard chickens""","US-PA-504","2010-01-01 2019-12-31","web",0
"163",2013-07-01,87,"""backyard chickens""","US-PA-504","2010-01-01 2019-12-31","web",0
"164",2013-08-01,34,"""backyard chickens""","US-PA-504","2010-01-01 2019-12-31","web",0
"165",2013-09-01,35,"""backyard chickens""","US-PA-504","2010-01-01 2019-12-31","web",0
"166",2013-10-01,32,"""backyard chickens""","US-PA-504","2010-01-01 2019-12-31","web",0
"167",2013-11-01,25,"""backyard chickens""","US-PA-504","2010-01-01 2019-12-31","web",0
"168",2013-12-01,33,"""backyard chickens""","US-PA-504","2010-01-01 2019-12-31","web",0
"169",2014-01-01,17,"""backyard chickens""","US-PA-504","2010-01-01 2019-12-31","web",0
"170",2014-02-01,17,"""backyard chickens""","US-PA-504","2010-01-01 2019-12-31","web",0
"171",2014-03-01,48,"""backyard chickens""","US-PA-504","2010-01-01 2019-12-31","web",0
"172",2014-04-01,35,"""backyard chickens""","US-PA-504","2010-01-01 2019-12-31","web",0
"173",2014-05-01,27,"""backyard chickens""","US-PA-504","2010-01-01 2019-12-31","web",0
"174",2014-06-01,52,"""backyard chickens""","US-PA-504","2010-01-01 2019-12-31","web",0
"175",2014-07-01,20,"""backyard chickens""","US-PA-504","2010-01-01 2019-12-31","web",0
"176",2014-08-01,41,"""backyard chickens""","US-PA-504","2010-01-01 2019-12-31","web",0
"177",2014-09-01,0,"""backyard chickens""","US-PA-504","2010-01-01 2019-12-31","web",0
"178",2014-10-01,39,"""backyard chickens""","US-PA-504","2010-01-01 2019-12-31","web",0
"179",2014-11-01,51,"""backyard chickens""","US-PA-504","2010-01-01 2019-12-31","web",0
"180",2014-12-01,32,"""backyard chickens""","US-PA-504","2010-01-01 2019-12-31","web",0
"181",2015-01-01,32,"""backyard chickens""","US-PA-504","2010-01-01 2019-12-31","web",0
"182",2015-02-01,16,"""backyard chickens""","US-PA-504","2010-01-01 2019-12-31","web",0
"183",2015-03-01,30,"""backyard chickens""","US-PA-504","2010-01-01 2019-12-31","web",0
"184",2015-04-01,31,"""backyard chickens""","US-PA-504","2010-01-01 2019-12-31","web",0
"185",2015-05-01,68,"""backyard chickens""","US-PA-504","2010-01-01 2019-12-31","web",0
"186",2015-06-01,16,"""backyard chickens""","US-PA-504","2010-01-01 2019-12-31","web",0
"187",2015-07-01,23,"""backyard chickens""","US-PA-504","2010-01-01 2019-12-31","web",0
"188",2015-08-01,46,"""backyard chickens""","US-PA-504","2010-01-01 2019-12-31","web",0
"189",2015-09-01,23,"""backyard chickens""","US-PA-504","2010-01-01 2019-12-31","web",0
"190",2015-10-01,0,"""backyard chickens""","US-PA-504","2010-01-01 2019-12-31","web",0
"191",2015-11-01,21,"""backyard chickens""","US-PA-504","2010-01-01 2019-12-31","web",0
"192",2015-12-01,21,"""backyard chickens""","US-PA-504","2010-01-01 2019-12-31","web",0
"193",2016-01-01,32,"""backyard chickens""","US-PA-504","2010-01-01 2019-12-31","web",0
"194",2016-02-01,33,"""backyard chickens""","US-PA-504","2010-01-01 2019-12-31","web",0
"195",2016-03-01,55,"""backyard chickens""","US-PA-504","2010-01-01 2019-12-31","web",0
"196",2016-04-01,46,"""backyard chickens""","US-PA-504","2010-01-01 2019-12-31","web",0
"197",2016-05-01,0,"""backyard chickens""","US-PA-504","2010-01-01 2019-12-31","web",0
"198",2016-06-01,16,"""backyard chickens""","US-PA-504","2010-01-01 2019-12-31","web",0
"199",2016-07-01,25,"""backyard chickens""","US-PA-504","2010-01-01 2019-12-31","web",0
"200",2016-08-01,25,"""backyard chickens""","US-PA-504","2010-01-01 2019-12-31","web",0
"201",2016-09-01,0,"""backyard chickens""","US-PA-504","2010-01-01 2019-12-31","web",0
"202",2016-10-01,23,"""backyard chickens""","US-PA-504","2010-01-01 2019-12-31","web",0
"203",2016-11-01,0,"""backyard chickens""","US-PA-504","2010-01-01 2019-12-31","web",0
"204",2016-12-01,0,"""backyard chickens""","US-PA-504","2010-01-01 2019-12-31","web",0
"205",2017-01-01,21,"""backyard chickens""","US-PA-504","2010-01-01 2019-12-31","web",0
"206",2017-02-01,30,"""backyard chickens""","US-PA-504","2010-01-01 2019-12-31","web",0
"207",2017-03-01,39,"""backyard chickens""","US-PA-504","2010-01-01 2019-12-31","web",0
"208",2017-04-01,29,"""backyard chickens""","US-PA-504","2010-01-01 2019-12-31","web",0
"209",2017-05-01,14,"""backyard chickens""","US-PA-504","2010-01-01 2019-12-31","web",0
"210",2017-06-01,15,"""backyard chickens""","US-PA-504","2010-01-01 2019-12-31","web",0
"211",2017-07-01,0,"""backyard chickens""","US-PA-504","2010-01-01 2019-12-31","web",0
"212",2017-08-01,15,"""backyard chickens""","US-PA-504","2010-01-01 2019-12-31","web",0
"213",2017-09-01,14,"""backyard chickens""","US-PA-504","2010-01-01 2019-12-31","web",0
"214",2017-10-01,27,"""backyard chickens""","US-PA-504","2010-01-01 2019-12-31","web",0
"215",2017-11-01,0,"""backyard chickens""","US-PA-504","2010-01-01 2019-12-31","web",0
"216",2017-12-01,27,"""backyard chickens""","US-PA-504","2010-01-01 2019-12-31","web",0
"217",2018-01-01,25,"""backyard chickens""","US-PA-504","2010-01-01 2019-12-31","web",0
"218",2018-02-01,0,"""backyard chickens""","US-PA-504","2010-01-01 2019-12-31","web",0
"219",2018-03-01,13,"""backyard chickens""","US-PA-504","2010-01-01 2019-12-31","web",0
"220",2018-04-01,20,"""backyard chickens""","US-PA-504","2010-01-01 2019-12-31","web",0
"221",2018-05-01,0,"""backyard chickens""","US-PA-504","2010-01-01 2019-12-31","web",0
"222",2018-06-01,28,"""backyard chickens""","US-PA-504","2010-01-01 2019-12-31","web",0
"223",2018-07-01,0,"""backyard chickens""","US-PA-504","2010-01-01 2019-12-31","web",0
"224",2018-08-01,41,"""backyard chickens""","US-PA-504","2010-01-01 2019-12-31","web",0
"225",2018-09-01,0,"""backyard chickens""","US-PA-504","2010-01-01 2019-12-31","web",0
"226",2018-10-01,13,"""backyard chickens""","US-PA-504","2010-01-01 2019-12-31","web",0
"227",2018-11-01,0,"""backyard chickens""","US-PA-504","2010-01-01 2019-12-31","web",0
"228",2018-12-01,13,"""backyard chickens""","US-PA-504","2010-01-01 2019-12-31","web",0
"229",2019-01-01,19,"""backyard chickens""","US-PA-504","2010-01-01 2019-12-31","web",0
"230",2019-02-01,21,"""backyard chickens""","US-PA-504","2010-01-01 2019-12-31","web",0
"231",2019-03-01,20,"""backyard chickens""","US-PA-504","2010-01-01 2019-12-31","web",0
"232",2019-04-01,27,"""backyard chickens""","US-PA-504","2010-01-01 2019-12-31","web",0
"233",2019-05-01,20,"""backyard chickens""","US-PA-504","2010-01-01 2019-12-31","web",0
"234",2019-06-01,28,"""backyard chickens""","US-PA-504","2010-01-01 2019-12-31","web",0
"235",2019-07-01,0,"""backyard chickens""","US-PA-504","2010-01-01 2019-12-31","web",0
"236",2019-08-01,13,"""backyard chickens""","US-PA-504","2010-01-01 2019-12-31","web",0
"237",2019-09-01,12,"""backyard chickens""","US-PA-504","2010-01-01 2019-12-31","web",0
"238",2019-10-01,0,"""backyard chickens""","US-PA-504","2010-01-01 2019-12-31","web",0
"239",2019-11-01,0,"""backyard chickens""","US-PA-504","2010-01-01 2019-12-31","web",0
"240",2019-12-01,18,"""backyard chickens""","US-PA-504","2010-01-01 2019-12-31","web",0
"241",2010-01-01,52,"""raising chickens""","US-DC-511","2010-01-01 2019-12-31","web",0
"242",2010-02-01,22,"""raising chickens""","US-DC-511","2010-01-01 2019-12-31","web",0
"243",2010-03-01,47,"""raising chickens""","US-DC-511","2010-01-01 2019-12-31","web",0
"244",2010-04-01,69,"""raising chickens""","US-DC-511","2010-01-01 2019-12-31","web",0
"245",2010-05-01,28,"""raising chickens""","US-DC-511","2010-01-01 2019-12-31","web",0
"246",2010-06-01,37,"""raising chickens""","US-DC-511","2010-01-01 2019-12-31","web",0
"247",2010-07-01,34,"""raising chickens""","US-DC-511","2010-01-01 2019-12-31","web",0
"248",2010-08-01,32,"""raising chickens""","US-DC-511","2010-01-01 2019-12-31","web",0
"249",2010-09-01,23,"""raising chickens""","US-DC-511","2010-01-01 2019-12-31","web",0
"250",2010-10-01,30,"""raising chickens""","US-DC-511","2010-01-01 2019-12-31","web",0
"251",2010-11-01,28,"""raising chickens""","US-DC-511","2010-01-01 2019-12-31","web",0
"252",2010-12-01,21,"""raising chickens""","US-DC-511","2010-01-01 2019-12-31","web",0
"253",2011-01-01,38,"""raising chickens""","US-DC-511","2010-01-01 2019-12-31","web",0
"254",2011-02-01,41,"""raising chickens""","US-DC-511","2010-01-01 2019-12-31","web",0
"255",2011-03-01,38,"""raising chickens""","US-DC-511","2010-01-01 2019-12-31","web",0
"256",2011-04-01,39,"""raising chickens""","US-DC-511","2010-01-01 2019-12-31","web",0
"257",2011-05-01,53,"""raising chickens""","US-DC-511","2010-01-01 2019-12-31","web",0
"258",2011-06-01,34,"""raising chickens""","US-DC-511","2010-01-01 2019-12-31","web",0
"259",2011-07-01,35,"""raising chickens""","US-DC-511","2010-01-01 2019-12-31","web",0
"260",2011-08-01,0,"""raising chickens""","US-DC-511","2010-01-01 2019-12-31","web",0
"261",2011-09-01,100,"""raising chickens""","US-DC-511","2010-01-01 2019-12-31","web",0
"262",2011-10-01,31,"""raising chickens""","US-DC-511","2010-01-01 2019-12-31","web",0
"263",2011-11-01,63,"""raising chickens""","US-DC-511","2010-01-01 2019-12-31","web",0
"264",2011-12-01,58,"""raising chickens""","US-DC-511","2010-01-01 2019-12-31","web",0
"265",2012-01-01,28,"""raising chickens""","US-DC-511","2010-01-01 2019-12-31","web",0
"266",2012-02-01,30,"""raising chickens""","US-DC-511","2010-01-01 2019-12-31","web",0
"267",2012-03-01,68,"""raising chickens""","US-DC-511","2010-01-01 2019-12-31","web",0
"268",2012-04-01,93,"""raising chickens""","US-DC-511","2010-01-01 2019-12-31","web",0
"269",2012-05-01,0,"""raising chickens""","US-DC-511","2010-01-01 2019-12-31","web",0
"270",2012-06-01,52,"""raising chickens""","US-DC-511","2010-01-01 2019-12-31","web",0
"271",2012-07-01,40,"""raising chickens""","US-DC-511","2010-01-01 2019-12-31","web",0
"272",2012-08-01,26,"""raising chickens""","US-DC-511","2010-01-01 2019-12-31","web",0
"273",2012-09-01,27,"""raising chickens""","US-DC-511","2010-01-01 2019-12-31","web",0
"274",2012-10-01,23,"""raising chickens""","US-DC-511","2010-01-01 2019-12-31","web",0
"275",2012-11-01,27,"""raising chickens""","US-DC-511","2010-01-01 2019-12-31","web",0
"276",2012-12-01,0,"""raising chickens""","US-DC-511","2010-01-01 2019-12-31","web",0
"277",2013-01-01,36,"""raising chickens""","US-DC-511","2010-01-01 2019-12-31","web",0
"278",2013-02-01,37,"""raising chickens""","US-DC-511","2010-01-01 2019-12-31","web",0
"279",2013-03-01,24,"""raising chickens""","US-DC-511","2010-01-01 2019-12-31","web",0
"280",2013-04-01,71,"""raising chickens""","US-DC-511","2010-01-01 2019-12-31","web",0
"281",2013-05-01,45,"""raising chickens""","US-DC-511","2010-01-01 2019-12-31","web",0
"282",2013-06-01,46,"""raising chickens""","US-DC-511","2010-01-01 2019-12-31","web",0
"283",2013-07-01,49,"""raising chickens""","US-DC-511","2010-01-01 2019-12-31","web",0
"284",2013-08-01,24,"""raising chickens""","US-DC-511","2010-01-01 2019-12-31","web",0
"285",2013-09-01,23,"""raising chickens""","US-DC-511","2010-01-01 2019-12-31","web",0
"286",2013-10-01,0,"""raising chickens""","US-DC-511","2010-01-01 2019-12-31","web",0
"287",2013-11-01,0,"""raising chickens""","US-DC-511","2010-01-01 2019-12-31","web",0
"288",2013-12-01,24,"""raising chickens""","US-DC-511","2010-01-01 2019-12-31","web",0
"289",2014-01-01,0,"""raising chickens""","US-DC-511","2010-01-01 2019-12-31","web",0
"290",2014-02-01,24,"""raising chickens""","US-DC-511","2010-01-01 2019-12-31","web",0
"291",2014-03-01,22,"""raising chickens""","US-DC-511","2010-01-01 2019-12-31","web",0
"292",2014-04-01,40,"""raising chickens""","US-DC-511","2010-01-01 2019-12-31","web",0
"293",2014-05-01,40,"""raising chickens""","US-DC-511","2010-01-01 2019-12-31","web",0
"294",2014-06-01,23,"""raising chickens""","US-DC-511","2010-01-01 2019-12-31","web",0
"295",2014-07-01,43,"""raising chickens""","US-DC-511","2010-01-01 2019-12-31","web",0
"296",2014-08-01,0,"""raising chickens""","US-DC-511","2010-01-01 2019-12-31","web",0
"297",2014-09-01,57,"""raising chickens""","US-DC-511","2010-01-01 2019-12-31","web",0
"298",2014-10-01,16,"""raising chickens""","US-DC-511","2010-01-01 2019-12-31","web",0
"299",2014-11-01,16,"""raising chickens""","US-DC-511","2010-01-01 2019-12-31","web",0
"300",2014-12-01,32,"""raising chickens""","US-DC-511","2010-01-01 2019-12-31","web",0
"301",2015-01-01,16,"""raising chickens""","US-DC-511","2010-01-01 2019-12-31","web",0
"302",2015-02-01,18,"""raising chickens""","US-DC-511","2010-01-01 2019-12-31","web",0
"303",2015-03-01,16,"""raising chickens""","US-DC-511","2010-01-01 2019-12-31","web",0
"304",2015-04-01,35,"""raising chickens""","US-DC-511","2010-01-01 2019-12-31","web",0
"305",2015-05-01,39,"""raising chickens""","US-DC-511","2010-01-01 2019-12-31","web",0
"306",2015-06-01,21,"""raising chickens""","US-DC-511","2010-01-01 2019-12-31","web",0
"307",2015-07-01,24,"""raising chickens""","US-DC-511","2010-01-01 2019-12-31","web",0
"308",2015-08-01,24,"""raising chickens""","US-DC-511","2010-01-01 2019-12-31","web",0
"309",2015-09-01,0,"""raising chickens""","US-DC-511","2010-01-01 2019-12-31","web",0
"310",2015-10-01,22,"""raising chickens""","US-DC-511","2010-01-01 2019-12-31","web",0
"311",2015-11-01,23,"""raising chickens""","US-DC-511","2010-01-01 2019-12-31","web",0
"312",2015-12-01,23,"""raising chickens""","US-DC-511","2010-01-01 2019-12-31","web",0
"313",2016-01-01,0,"""raising chickens""","US-DC-511","2010-01-01 2019-12-31","web",0
"314",2016-02-01,65,"""raising chickens""","US-DC-511","2010-01-01 2019-12-31","web",0
"315",2016-03-01,42,"""raising chickens""","US-DC-511","2010-01-01 2019-12-31","web",0
"316",2016-04-01,63,"""raising chickens""","US-DC-511","2010-01-01 2019-12-31","web",0
"317",2016-05-01,0,"""raising chickens""","US-DC-511","2010-01-01 2019-12-31","web",0
"318",2016-06-01,22,"""raising chickens""","US-DC-511","2010-01-01 2019-12-31","web",0
"319",2016-07-01,23,"""raising chickens""","US-DC-511","2010-01-01 2019-12-31","web",0
"320",2016-08-01,23,"""raising chickens""","US-DC-511","2010-01-01 2019-12-31","web",0
"321",2016-09-01,0,"""raising chickens""","US-DC-511","2010-01-01 2019-12-31","web",0
"322",2016-10-01,40,"""raising chickens""","US-DC-511","2010-01-01 2019-12-31","web",0
"323",2016-11-01,20,"""raising chickens""","US-DC-511","2010-01-01 2019-12-31","web",0
"324",2016-12-01,19,"""raising chickens""","US-DC-511","2010-01-01 2019-12-31","web",0
"325",2017-01-01,19,"""raising chickens""","US-DC-511","2010-01-01 2019-12-31","web",0
"326",2017-02-01,20,"""raising chickens""","US-DC-511","2010-01-01 2019-12-31","web",0
"327",2017-03-01,53,"""raising chickens""","US-DC-511","2010-01-01 2019-12-31","web",0
"328",2017-04-01,67,"""raising chickens""","US-DC-511","2010-01-01 2019-12-31","web",0
"329",2017-05-01,28,"""raising chickens""","US-DC-511","2010-01-01 2019-12-31","web",0
"330",2017-06-01,20,"""raising chickens""","US-DC-511","2010-01-01 2019-12-31","web",0
"331",2017-07-01,21,"""raising chickens""","US-DC-511","2010-01-01 2019-12-31","web",0
"332",2017-08-01,39,"""raising chickens""","US-DC-511","2010-01-01 2019-12-31","web",0
"333",2017-09-01,20,"""raising chickens""","US-DC-511","2010-01-01 2019-12-31","web",0
"334",2017-10-01,19,"""raising chickens""","US-DC-511","2010-01-01 2019-12-31","web",0
"335",2017-11-01,20,"""raising chickens""","US-DC-511","2010-01-01 2019-12-31","web",0
"336",2017-12-01,0,"""raising chickens""","US-DC-511","2010-01-01 2019-12-31","web",0
"337",2018-01-01,19,"""raising chickens""","US-DC-511","2010-01-01 2019-12-31","web",0
"338",2018-02-01,0,"""raising chickens""","US-DC-511","2010-01-01 2019-12-31","web",0
"339",2018-03-01,49,"""raising chickens""","US-DC-511","2010-01-01 2019-12-31","web",0
"340",2018-04-01,41,"""raising chickens""","US-DC-511","2010-01-01 2019-12-31","web",0
"341",2018-05-01,0,"""raising chickens""","US-DC-511","2010-01-01 2019-12-31","web",0
"342",2018-06-01,0,"""raising chickens""","US-DC-511","2010-01-01 2019-12-31","web",0
"343",2018-07-01,22,"""raising chickens""","US-DC-511","2010-01-01 2019-12-31","web",0
"344",2018-08-01,0,"""raising chickens""","US-DC-511","2010-01-01 2019-12-31","web",0
"345",2018-09-01,21,"""raising chickens""","US-DC-511","2010-01-01 2019-12-31","web",0
"346",2018-10-01,42,"""raising chickens""","US-DC-511","2010-01-01 2019-12-31","web",0
"347",2018-11-01,42,"""raising chickens""","US-DC-511","2010-01-01 2019-12-31","web",0
"348",2018-12-01,21,"""raising chickens""","US-DC-511","2010-01-01 2019-12-31","web",0
"349",2019-01-01,19,"""raising chickens""","US-DC-511","2010-01-01 2019-12-31","web",0
"350",2019-02-01,21,"""raising chickens""","US-DC-511","2010-01-01 2019-12-31","web",0
"351",2019-03-01,19,"""raising chickens""","US-DC-511","2010-01-01 2019-12-31","web",0
"352",2019-04-01,20,"""raising chickens""","US-DC-511","2010-01-01 2019-12-31","web",0
"353",2019-05-01,20,"""raising chickens""","US-DC-511","2010-01-01 2019-12-31","web",0
"354",2019-06-01,21,"""raising chickens""","US-DC-511","2010-01-01 2019-12-31","web",0
"355",2019-07-01,21,"""raising chickens""","US-DC-511","2010-01-01 2019-12-31","web",0
"356",2019-08-01,0,"""raising chickens""","US-DC-511","2010-01-01 2019-12-31","web",0
"357",2019-09-01,0,"""raising chickens""","US-DC-511","2010-01-01 2019-12-31","web",0
"358",2019-10-01,0,"""raising chickens""","US-DC-511","2010-01-01 2019-12-31","web",0
"359",2019-11-01,0,"""raising chickens""","US-DC-511","2010-01-01 2019-12-31","web",0
"360",2019-12-01,19,"""raising chickens""","US-DC-511","2010-01-01 2019-12-31","web",0
"361",2010-01-01,23,"""raising chickens""","US-PA-504","2010-01-01 2019-12-31","web",0
"362",2010-02-01,0,"""raising chickens""","US-PA-504","2010-01-01 2019-12-31","web",0
"363",2010-03-01,0,"""raising chickens""","US-PA-504","2010-01-01 2019-12-31","web",0
"364",2010-04-01,36,"""raising chickens""","US-PA-504","2010-01-01 2019-12-31","web",0
"365",2010-05-01,25,"""raising chickens""","US-PA-504","2010-01-01 2019-12-31","web",0
"366",2010-06-01,0,"""raising chickens""","US-PA-504","2010-01-01 2019-12-31","web",0
"367",2010-07-01,100,"""raising chickens""","US-PA-504","2010-01-01 2019-12-31","web",0
"368",2010-08-01,0,"""raising chickens""","US-PA-504","2010-01-01 2019-12-31","web",0
"369",2010-09-01,0,"""raising chickens""","US-PA-504","2010-01-01 2019-12-31","web",0
"370",2010-10-01,23,"""raising chickens""","US-PA-504","2010-01-01 2019-12-31","web",0
"371",2010-11-01,0,"""raising chickens""","US-PA-504","2010-01-01 2019-12-31","web",0
"372",2010-12-01,22,"""raising chickens""","US-PA-504","2010-01-01 2019-12-31","web",0
"373",2011-01-01,0,"""raising chickens""","US-PA-504","2010-01-01 2019-12-31","web",0
"374",2011-02-01,16,"""raising chickens""","US-PA-504","2010-01-01 2019-12-31","web",0
"375",2011-03-01,15,"""raising chickens""","US-PA-504","2010-01-01 2019-12-31","web",0
"376",2011-04-01,23,"""raising chickens""","US-PA-504","2010-01-01 2019-12-31","web",0
"377",2011-05-01,0,"""raising chickens""","US-PA-504","2010-01-01 2019-12-31","web",0
"378",2011-06-01,31,"""raising chickens""","US-PA-504","2010-01-01 2019-12-31","web",0
"379",2011-07-01,23,"""raising chickens""","US-PA-504","2010-01-01 2019-12-31","web",0
"380",2011-08-01,21,"""raising chickens""","US-PA-504","2010-01-01 2019-12-31","web",0
"381",2011-09-01,0,"""raising chickens""","US-PA-504","2010-01-01 2019-12-31","web",0
"382",2011-10-01,14,"""raising chickens""","US-PA-504","2010-01-01 2019-12-31","web",0
"383",2011-11-01,13,"""raising chickens""","US-PA-504","2010-01-01 2019-12-31","web",0
"384",2011-12-01,13,"""raising chickens""","US-PA-504","2010-01-01 2019-12-31","web",0
"385",2012-01-01,18,"""raising chickens""","US-PA-504","2010-01-01 2019-12-31","web",0
"386",2012-02-01,12,"""raising chickens""","US-PA-504","2010-01-01 2019-12-31","web",0
"387",2012-03-01,11,"""raising chickens""","US-PA-504","2010-01-01 2019-12-31","web",0
"388",2012-04-01,12,"""raising chickens""","US-PA-504","2010-01-01 2019-12-31","web",0
"389",2012-05-01,23,"""raising chickens""","US-PA-504","2010-01-01 2019-12-31","web",0
"390",2012-06-01,13,"""raising chickens""","US-PA-504","2010-01-01 2019-12-31","web",0
"391",2012-07-01,12,"""raising chickens""","US-PA-504","2010-01-01 2019-12-31","web",0
"392",2012-08-01,24,"""raising chickens""","US-PA-504","2010-01-01 2019-12-31","web",0
"393",2012-09-01,11,"""raising chickens""","US-PA-504","2010-01-01 2019-12-31","web",0
"394",2012-10-01,11,"""raising chickens""","US-PA-504","2010-01-01 2019-12-31","web",0
"395",2012-11-01,12,"""raising chickens""","US-PA-504","2010-01-01 2019-12-31","web",0
"396",2012-12-01,17,"""raising chickens""","US-PA-504","2010-01-01 2019-12-31","web",0
"397",2013-01-01,10,"""raising chickens""","US-PA-504","2010-01-01 2019-12-31","web",0
"398",2013-02-01,21,"""raising chickens""","US-PA-504","2010-01-01 2019-12-31","web",0
"399",2013-03-01,14,"""raising chickens""","US-PA-504","2010-01-01 2019-12-31","web",0
"400",2013-04-01,15,"""raising chickens""","US-PA-504","2010-01-01 2019-12-31","web",0
"401",2013-05-01,21,"""raising chickens""","US-PA-504","2010-01-01 2019-12-31","web",0
"402",2013-06-01,0,"""raising chickens""","US-PA-504","2010-01-01 2019-12-31","web",0
"403",2013-07-01,9,"""raising chickens""","US-PA-504","2010-01-01 2019-12-31","web",0
"404",2013-08-01,23,"""raising chickens""","US-PA-504","2010-01-01 2019-12-31","web",0
"405",2013-09-01,28,"""raising chickens""","US-PA-504","2010-01-01 2019-12-31","web",0
"406",2013-10-01,0,"""raising chickens""","US-PA-504","2010-01-01 2019-12-31","web",0
"407",2013-11-01,14,"""raising chickens""","US-PA-504","2010-01-01 2019-12-31","web",0
"408",2013-12-01,0,"""raising chickens""","US-PA-504","2010-01-01 2019-12-31","web",0
"409",2014-01-01,9,"""raising chickens""","US-PA-504","2010-01-01 2019-12-31","web",0
"410",2014-02-01,0,"""raising chickens""","US-PA-504","2010-01-01 2019-12-31","web",0
"411",2014-03-01,26,"""raising chickens""","US-PA-504","2010-01-01 2019-12-31","web",0
"412",2014-04-01,9,"""raising chickens""","US-PA-504","2010-01-01 2019-12-31","web",0
"413",2014-05-01,20,"""raising chickens""","US-PA-504","2010-01-01 2019-12-31","web",0
"414",2014-06-01,22,"""raising chickens""","US-PA-504","2010-01-01 2019-12-31","web",0
"415",2014-07-01,0,"""raising chickens""","US-PA-504","2010-01-01 2019-12-31","web",0
"416",2014-08-01,0,"""raising chickens""","US-PA-504","2010-01-01 2019-12-31","web",0
"417",2014-09-01,0,"""raising chickens""","US-PA-504","2010-01-01 2019-12-31","web",0
"418",2014-10-01,10,"""raising chickens""","US-PA-504","2010-01-01 2019-12-31","web",0
"419",2014-11-01,9,"""raising chickens""","US-PA-504","2010-01-01 2019-12-31","web",0
"420",2014-12-01,0,"""raising chickens""","US-PA-504","2010-01-01 2019-12-31","web",0
"421",2015-01-01,9,"""raising chickens""","US-PA-504","2010-01-01 2019-12-31","web",0
"422",2015-02-01,8,"""raising chickens""","US-PA-504","2010-01-01 2019-12-31","web",0
"423",2015-03-01,8,"""raising chickens""","US-PA-504","2010-01-01 2019-12-31","web",0
"424",2015-04-01,16,"""raising chickens""","US-PA-504","2010-01-01 2019-12-31","web",0
"425",2015-05-01,16,"""raising chickens""","US-PA-504","2010-01-01 2019-12-31","web",0
"426",2015-06-01,9,"""raising chickens""","US-PA-504","2010-01-01 2019-12-31","web",0
"427",2015-07-01,0,"""raising chickens""","US-PA-504","2010-01-01 2019-12-31","web",0
"428",2015-08-01,19,"""raising chickens""","US-PA-504","2010-01-01 2019-12-31","web",0
"429",2015-09-01,12,"""raising chickens""","US-PA-504","2010-01-01 2019-12-31","web",0
"430",2015-10-01,0,"""raising chickens""","US-PA-504","2010-01-01 2019-12-31","web",0
"431",2015-11-01,0,"""raising chickens""","US-PA-504","2010-01-01 2019-12-31","web",0
"432",2015-12-01,0,"""raising chickens""","US-PA-504","2010-01-01 2019-12-31","web",0
"433",2016-01-01,13,"""raising chickens""","US-PA-504","2010-01-01 2019-12-31","web",0
"434",2016-02-01,18,"""raising chickens""","US-PA-504","2010-01-01 2019-12-31","web",0
"435",2016-03-01,8,"""raising chickens""","US-PA-504","2010-01-01 2019-12-31","web",0
"436",2016-04-01,17,"""raising chickens""","US-PA-504","2010-01-01 2019-12-31","web",0
"437",2016-05-01,24,"""raising chickens""","US-PA-504","2010-01-01 2019-12-31","web",0
"438",2016-06-01,0,"""raising chickens""","US-PA-504","2010-01-01 2019-12-31","web",0
"439",2016-07-01,13,"""raising chickens""","US-PA-504","2010-01-01 2019-12-31","web",0
"440",2016-08-01,0,"""raising chickens""","US-PA-504","2010-01-01 2019-12-31","web",0
"441",2016-09-01,0,"""raising chickens""","US-PA-504","2010-01-01 2019-12-31","web",0
"442",2016-10-01,0,"""raising chickens""","US-PA-504","2010-01-01 2019-12-31","web",0
"443",2016-11-01,0,"""raising chickens""","US-PA-504","2010-01-01 2019-12-31","web",0
"444",2016-12-01,16,"""raising chickens""","US-PA-504","2010-01-01 2019-12-31","web",0
"445",2017-01-01,15,"""raising chickens""","US-PA-504","2010-01-01 2019-12-31","web",0
"446",2017-02-01,8,"""raising chickens""","US-PA-504","2010-01-01 2019-12-31","web",0
"447",2017-03-01,7,"""raising chickens""","US-PA-504","2010-01-01 2019-12-31","web",0
"448",2017-04-01,23,"""raising chickens""","US-PA-504","2010-01-01 2019-12-31","web",0
"449",2017-05-01,23,"""raising chickens""","US-PA-504","2010-01-01 2019-12-31","web",0
"450",2017-06-01,0,"""raising chickens""","US-PA-504","2010-01-01 2019-12-31","web",0
"451",2017-07-01,16,"""raising chickens""","US-PA-504","2010-01-01 2019-12-31","web",0
"452",2017-08-01,8,"""raising chickens""","US-PA-504","2010-01-01 2019-12-31","web",0
"453",2017-09-01,8,"""raising chickens""","US-PA-504","2010-01-01 2019-12-31","web",0
"454",2017-10-01,0,"""raising chickens""","US-PA-504","2010-01-01 2019-12-31","web",0
"455",2017-11-01,7,"""raising chickens""","US-PA-504","2010-01-01 2019-12-31","web",0
"456",2017-12-01,7,"""raising chickens""","US-PA-504","2010-01-01 2019-12-31","web",0
"457",2018-01-01,14,"""raising chickens""","US-PA-504","2010-01-01 2019-12-31","web",0
"458",2018-02-01,11,"""raising chickens""","US-PA-504","2010-01-01 2019-12-31","web",0
"459",2018-03-01,7,"""raising chickens""","US-PA-504","2010-01-01 2019-12-31","web",0
"460",2018-04-01,7,"""raising chickens""","US-PA-504","2010-01-01 2019-12-31","web",0
"461",2018-05-01,14,"""raising chickens""","US-PA-504","2010-01-01 2019-12-31","web",0
"462",2018-06-01,8,"""raising chickens""","US-PA-504","2010-01-01 2019-12-31","web",0
"463",2018-07-01,11,"""raising chickens""","US-PA-504","2010-01-01 2019-12-31","web",0
"464",2018-08-01,7,"""raising chickens""","US-PA-504","2010-01-01 2019-12-31","web",0
"465",2018-09-01,0,"""raising chickens""","US-PA-504","2010-01-01 2019-12-31","web",0
"466",2018-10-01,0,"""raising chickens""","US-PA-504","2010-01-01 2019-12-31","web",0
"467",2018-11-01,0,"""raising chickens""","US-PA-504","2010-01-01 2019-12-31","web",0
"468",2018-12-01,0,"""raising chickens""","US-PA-504","2010-01-01 2019-12-31","web",0
"469",2019-01-01,0,"""raising chickens""","US-PA-504","2010-01-01 2019-12-31","web",0
"470",2019-02-01,15,"""raising chickens""","US-PA-504","2010-01-01 2019-12-31","web",0
"471",2019-03-01,0,"""raising chickens""","US-PA-504","2010-01-01 2019-12-31","web",0
"472",2019-04-01,15,"""raising chickens""","US-PA-504","2010-01-01 2019-12-31","web",0
"473",2019-05-01,0,"""raising chickens""","US-PA-504","2010-01-01 2019-12-31","web",0
"474",2019-06-01,8,"""raising chickens""","US-PA-504","2010-01-01 2019-12-31","web",0
"475",2019-07-01,7,"""raising chickens""","US-PA-504","2010-01-01 2019-12-31","web",0
"476",2019-08-01,14,"""raising chickens""","US-PA-504","2010-01-01 2019-12-31","web",0
"477",2019-09-01,13,"""raising chickens""","US-PA-504","2010-01-01 2019-12-31","web",0
"478",2019-10-01,0,"""raising chickens""","US-PA-504","2010-01-01 2019-12-31","web",0
"479",2019-11-01,0,"""raising chickens""","US-PA-504","2010-01-01 2019-12-31","web",0
"480",2019-12-01,0,"""raising chickens""","US-PA-504","2010-01-01 2019-12-31","web",0
